--
--     This file is part of the Squashtest platform.
--     Copyright (C) 2010 - 2015 Henix, henix.fr
--
--     See the NOTICE file distributed with this work for additional
--     information regarding copyright ownership.
--
--     This is free software: you can redistribute it and/or modify
--     it under the terms of the GNU Lesser General Public License as published by
--     the Free Software Foundation, either version 3 of the License, or
--     (at your option) any later version.
--
--     this software is distributed in the hope that it will be useful,
--     but WITHOUT ANY WARRANTY; without even the implied warranty of
--     MERCHANTABILITY or FITNESS FOR A PARTICULAR PURPOSE.  See the
--     GNU Lesser General Public License for more details.
--
--     You should have received a copy of the GNU Lesser General Public License
--     along with this software.  If not, see <http://www.gnu.org/licenses/>.
--


-- --------------------------------------------
-- Chart Column Prototype Definition --
--
-- generated by src/main/script/MakeChartColumns.groovy
-- --------------------------------------------

-- -------------------------------------------
-- section 1 :  basic attribute columns
-- -------------------------------------------


-- columns for entity : REQUIREMENT --

insert into CHART_COLUMN_PROTOTYPE(CHART_COLUMN_ID, COLUMN_TYPE, BUSINESS, LABEL, ENTITY_TYPE, ENTITY_ROLE, DATA_TYPE, ATTRIBUTE_NAME, SUBQUERY_ID)
values
	(1, 'ATTRIBUTE', TRUE, 'REQUIREMENT_ID', 'REQUIREMENT', null, 'NUMERIC', 'id', null);

insert into CHART_COLUMN_ROLE(CHART_COLUMN_ID, ROLE)
values
	 (1, 'MEASURE'), (1, 'AXIS'), (1, 'FILTER');




-- columns for entity : REQUIREMENT_VERSION --

insert into CHART_COLUMN_PROTOTYPE(CHART_COLUMN_ID, COLUMN_TYPE, BUSINESS, LABEL, ENTITY_TYPE, ENTITY_ROLE, DATA_TYPE, ATTRIBUTE_NAME, SUBQUERY_ID)
values
	(3, 'ATTRIBUTE', TRUE, 'REQUIREMENT_VERSION_CREATED_ON', 'REQUIREMENT_VERSION', null, 'DATE', 'audit.createdOn', null),
	(4, 'ATTRIBUTE', TRUE, 'REQUIREMENT_VERSION_MODIFIED_ON', 'REQUIREMENT_VERSION', null, 'DATE', 'audit.lastModifiedOn', null),
	(5, 'ATTRIBUTE', TRUE, 'REQUIREMENT_VERSION_ID', 'REQUIREMENT_VERSION', null, 'NUMERIC', 'id', null),
	(6, 'ATTRIBUTE', TRUE, 'REQUIREMENT_VERSION_VERS_NUM', 'REQUIREMENT_VERSION', null, 'NUMERIC', 'versionNumber', null),
	(7, 'ATTRIBUTE', TRUE, 'REQUIREMENT_VERSION_CREATED_BY', 'REQUIREMENT_VERSION', null, 'STRING', 'audit.createdBy', null),
	(8, 'ATTRIBUTE', TRUE, 'REQUIREMENT_VERSION_MODIFIED_BY', 'REQUIREMENT_VERSION', null, 'STRING', 'audit.lastModifiedBy', null),
	(9, 'ATTRIBUTE', TRUE, 'REQUIREMENT_VERSION_REFERENCE', 'REQUIREMENT_VERSION', null, 'STRING', 'reference', null),
	(10, 'ATTRIBUTE', TRUE, 'REQUIREMENT_VERSION_CATEGORY', 'REQUIREMENT_VERSION', null, 'INFO_LIST_ITEM', 'category.code', null),
	(11, 'ATTRIBUTE', TRUE, 'REQUIREMENT_VERSION_CRITICALITY', 'REQUIREMENT_VERSION', null, 'LEVEL_ENUM', 'criticality', null),
	(12, 'ATTRIBUTE', TRUE, 'REQUIREMENT_VERSION_STATUS', 'REQUIREMENT_VERSION', null, 'LEVEL_ENUM', 'status', null);

insert into CHART_COLUMN_ROLE(CHART_COLUMN_ID, ROLE)
values
	 (3, 'AXIS'), (3, 'FILTER'),
	 (4, 'AXIS'), (4, 'FILTER'),
	 (5, 'MEASURE'), (5, 'AXIS'), (5, 'FILTER'),
	 (6, 'FILTER'), (6, 'MEASURE'),
	 (7, 'AXIS'), (7, 'FILTER'),
	 (8, 'AXIS'), (8, 'FILTER'),
	 (9, 'FILTER'), (9, 'AXIS'),
	 (10, 'MEASURE'), (10, 'AXIS'), (10, 'FILTER'),
	 (11, 'MEASURE'), (11, 'AXIS'), (11, 'FILTER'),
	 (12, 'MEASURE'), (12, 'AXIS'), (12, 'FILTER');




-- columns for entity : TEST_CASE --

insert into CHART_COLUMN_PROTOTYPE(CHART_COLUMN_ID, COLUMN_TYPE, BUSINESS, LABEL, ENTITY_TYPE, ENTITY_ROLE, DATA_TYPE, ATTRIBUTE_NAME, SUBQUERY_ID)
values
	(15, 'ATTRIBUTE', TRUE, 'TEST_CASE_CREATED_ON', 'TEST_CASE', null, 'DATE', 'audit.createdOn', null),
	(16, 'ATTRIBUTE', TRUE, 'TEST_CASE_MODIFIED_ON', 'TEST_CASE', null, 'DATE', 'audit.lastModifiedOn', null),
	(17, 'ATTRIBUTE', TRUE, 'TEST_CASE_ID', 'TEST_CASE', null, 'NUMERIC', 'id', null),
	(18, 'ATTRIBUTE', TRUE, 'TEST_CASE_CREATED_BY', 'TEST_CASE', null, 'STRING', 'audit.createdBy', null),
	(19, 'ATTRIBUTE', TRUE, 'TEST_CASE_MODIFIED_BY', 'TEST_CASE', null, 'STRING', 'audit.lastModifiedBy', null),
	(20, 'ATTRIBUTE', TRUE, 'TEST_CASE_REFERENCE', 'TEST_CASE', null, 'STRING', 'reference', null),
	(21, 'ATTRIBUTE', TRUE, 'TEST_CASE_IMPORTANCE', 'TEST_CASE', null, 'LEVEL_ENUM', 'importance', null),
	(22, 'ATTRIBUTE', TRUE, 'TEST_CASE_NATURE', 'TEST_CASE', null, 'INFO_LIST_ITEM', 'nature.code', null),
	(23, 'ATTRIBUTE', TRUE, 'TEST_CASE_TYPE', 'TEST_CASE', null, 'INFO_LIST_ITEM', 'type.code', null),
	(24, 'ATTRIBUTE', TRUE, 'TEST_CASE_STATUS', 'TEST_CASE', null, 'LEVEL_ENUM', 'status', null);

insert into CHART_COLUMN_ROLE(CHART_COLUMN_ID, ROLE)
values
	 (15, 'AXIS'), (15, 'FILTER'),
	 (16, 'AXIS'), (16, 'FILTER'),
	 (17, 'MEASURE'), (17, 'AXIS'), (17, 'FILTER'),
	 (18, 'AXIS'), (18, 'FILTER'),
	 (19, 'AXIS'), (19, 'FILTER'),
	 (20, 'FILTER'), (20, 'AXIS'),
	 (21, 'MEASURE'), (21, 'AXIS'), (21, 'FILTER'),
	 (22, 'MEASURE'), (22, 'AXIS'), (22, 'FILTER'),
	 (23, 'MEASURE'), (23, 'AXIS'), (23, 'FILTER'),
	 (24, 'MEASURE'), (24, 'AXIS'), (24, 'FILTER');




-- columns for entity : CAMPAIGN --

insert into CHART_COLUMN_PROTOTYPE(CHART_COLUMN_ID, COLUMN_TYPE, BUSINESS, LABEL, ENTITY_TYPE, ENTITY_ROLE, DATA_TYPE, ATTRIBUTE_NAME, SUBQUERY_ID)
values
	(32, 'ATTRIBUTE', TRUE, 'CAMPAIGN_ID', 'CAMPAIGN', null, 'NUMERIC', 'id', null),
	(33, 'ATTRIBUTE', TRUE, 'CAMPAIGN_REFERENCE', 'CAMPAIGN', null, 'STRING', 'reference', null),
	(34, 'ATTRIBUTE', TRUE, 'CAMPAIGN_SCHED_START', 'CAMPAIGN', null, 'DATE', 'scheduledPeriod.scheduledStartDate', null),
	(35, 'ATTRIBUTE', TRUE, 'CAMPAIGN_SCHED_END', 'CAMPAIGN', null, 'DATE', 'scheduledPeriod.scheduledEndDate', null),
	(36, 'ATTRIBUTE', TRUE, 'CAMPAIGN_ACTUAL_START', 'CAMPAIGN', null, 'DATE', 'actualPeriod.actualStartDate', null),
	(37, 'ATTRIBUTE', TRUE, 'CAMPAIGN_ACTUAL_END', 'CAMPAIGN', null, 'DATE', 'actualPeriod.actualEndDate', null);

insert into CHART_COLUMN_ROLE(CHART_COLUMN_ID, ROLE)
values
	 (32, 'MEASURE'), (32, 'AXIS'), (32, 'FILTER'),
	 (33, 'FILTER'), (33, 'MEASURE'),
	 (34, 'AXIS'), (34, 'FILTER'),
	 (35, 'AXIS'), (35, 'FILTER'),
	 (36, 'AXIS'), (36, 'FILTER'),
	 (37, 'AXIS'), (37, 'FILTER');




-- columns for entity : ITERATION --

insert into CHART_COLUMN_PROTOTYPE(CHART_COLUMN_ID, COLUMN_TYPE, BUSINESS, LABEL, ENTITY_TYPE, ENTITY_ROLE, DATA_TYPE, ATTRIBUTE_NAME, SUBQUERY_ID)
values
	(40, 'ATTRIBUTE', TRUE, 'ITERATION_ID', 'ITERATION', null, 'NUMERIC', 'id', null),
	(41, 'ATTRIBUTE', TRUE, 'ITERATION_REFERENCE', 'ITERATION', null, 'STRING', 'reference', null),
	(42, 'ATTRIBUTE', TRUE, 'ITERATION_SCHED_START', 'ITERATION', null, 'DATE', 'scheduledPeriod.scheduledStartDate', null),
	(43, 'ATTRIBUTE', TRUE, 'ITERATION_SCHED_END', 'ITERATION', null, 'DATE', 'scheduledPeriod.scheduledEndDate', null),
	(44, 'ATTRIBUTE', TRUE, 'ITERATION_ACTUAL_START', 'ITERATION', null, 'DATE', 'actualPeriod.actualStartDate', null),
	(45, 'ATTRIBUTE', TRUE, 'ITERATION_ACTUAL_END', 'ITERATION', null, 'DATE', 'actualPeriod.actualEndDate', null);

insert into CHART_COLUMN_ROLE(CHART_COLUMN_ID, ROLE)
values
	 (40, 'MEASURE'), (40, 'AXIS'), (40, 'FILTER'),
	 (41, 'FILTER'), (41, 'MEASURE'),
	 (42, 'AXIS'), (42, 'FILTER'),
	 (43, 'AXIS'), (43, 'FILTER'),
	 (44, 'AXIS'), (44, 'FILTER'),
	 (45, 'AXIS'), (45, 'FILTER');




-- columns for entity : ITEM_TEST_PLAN --

insert into CHART_COLUMN_PROTOTYPE(CHART_COLUMN_ID, COLUMN_TYPE, BUSINESS, LABEL, ENTITY_TYPE, ENTITY_ROLE, DATA_TYPE, ATTRIBUTE_NAME, SUBQUERY_ID)
values
	(48, 'ATTRIBUTE', TRUE, 'ITEM_TEST_PLAN_ID', 'ITEM_TEST_PLAN', null, 'NUMERIC', 'id', null),
	(49, 'ATTRIBUTE', TRUE, 'ITEM_TEST_PLAN_LABEL', 'ITEM_TEST_PLAN', null, 'STRING', 'label', null),
	(50, 'ATTRIBUTE', TRUE, 'ITEM_TEST_PLAN_STATUS', 'ITEM_TEST_PLAN', null, 'EXECUTION_STATUS', 'executionStatus', null),
	(51, 'ATTRIBUTE', TRUE, 'ITEM_TEST_PLAN_LASTEXEC', 'ITEM_TEST_PLAN', null, 'DATE', 'lastExecutedOn', null),
	(52, 'ATTRIBUTE', TRUE, 'ITEM_TEST_PLAN_DATASET_LABEL', 'ITEM_TEST_PLAN', null, 'STRING', 'referencedDataset.name', null);

insert into CHART_COLUMN_ROLE(CHART_COLUMN_ID, ROLE)
values
	 (48, 'MEASURE'), (48, 'AXIS'), (48, 'FILTER'),
	 (49, 'FILTER'),
	 (50, 'MEASURE'), (50, 'AXIS'), (50, 'FILTER'),
	 (51, 'FILTER'),
	 (52, 'FILTER'), (52, 'AXIS');




-- columns for entity : EXECUTION --

insert into CHART_COLUMN_PROTOTYPE(CHART_COLUMN_ID, COLUMN_TYPE, BUSINESS, LABEL, ENTITY_TYPE, ENTITY_ROLE, DATA_TYPE, ATTRIBUTE_NAME, SUBQUERY_ID)
values
	(55, 'ATTRIBUTE', TRUE, 'EXECUTION_ID', 'EXECUTION', null, 'NUMERIC', 'id', null),
	(56, 'ATTRIBUTE', TRUE, 'EXECUTION_LABEL', 'EXECUTION', null, 'STRING', 'name', null),
	(57, 'ATTRIBUTE', TRUE, 'EXECUTION_DS_LABEL', 'EXECUTION', null, 'STRING', 'datasetLabel', null),
	(58, 'ATTRIBUTE', TRUE, 'EXECUTION_LASTEXEC', 'EXECUTION', null, 'DATE', 'lastExecutedOn', null),
	(59, 'ATTRIBUTE', TRUE, 'EXECUTION_TESTER_LOGIN', 'EXECUTION', null, 'STRING', 'lastExecutedBy', null),
	(60, 'ATTRIBUTE', TRUE, 'EXECUTION_STATUS', 'EXECUTION', null, 'EXECUTION_STATUS', 'executionStatus', null);

insert into CHART_COLUMN_ROLE(CHART_COLUMN_ID, ROLE)
values
	 (55, 'MEASURE'), (55, 'AXIS'), (55, 'FILTER'),
	 (56, 'AXIS'), (56, 'FILTER'),
	 (57, 'AXIS'), (57, 'FILTER'),
	 (58, 'AXIS'), (58, 'FILTER'),
	 (59, 'AXIS'), (59, 'FILTER'),
	 (60, 'MEASURE'), (60, 'AXIS'), (60, 'FILTER');




-- columns for entity : ISSUE --

insert into CHART_COLUMN_PROTOTYPE(CHART_COLUMN_ID, COLUMN_TYPE, BUSINESS, LABEL, ENTITY_TYPE, ENTITY_ROLE, DATA_TYPE, ATTRIBUTE_NAME, SUBQUERY_ID)
values
	(61, 'ATTRIBUTE', TRUE, 'ISSUE_ID', 'ISSUE', null, 'NUMERIC', 'id', null),
	(62, 'ATTRIBUTE', TRUE, 'ISSUE_STATUS', 'ISSUE', null, 'STRING', 'status', null),
	(63, 'ATTRIBUTE', TRUE, 'ISSUE_SEVERITY', 'ISSUE', null, 'STRING', 'severity', null),
	(64, 'ATTRIBUTE', TRUE, 'ISSUE_BUGTRACKER', 'ISSUE', null, 'STRING', 'bugtracker', null);

insert into CHART_COLUMN_ROLE(CHART_COLUMN_ID, ROLE)
values
	 (61, 'MEASURE'), (61, 'AXIS'), (61, 'FILTER'),
	 (62, 'AXIS'), (62, 'FILTER'),
	 (63, 'AXIS'), (63, 'FILTER'),
	 (64, 'AXIS'), (64, 'FILTER');




-- columns for entity : TEST_CASE_STEP --

insert into CHART_COLUMN_PROTOTYPE(CHART_COLUMN_ID, COLUMN_TYPE, BUSINESS, LABEL, ENTITY_TYPE, ENTITY_ROLE, DATA_TYPE, ATTRIBUTE_NAME, SUBQUERY_ID)
values
	(65, 'ATTRIBUTE', FALSE, 'TEST_CASE_STEP_ID', 'TEST_CASE_STEP', null, 'NUMERIC', 'id', null),
	(66, 'ATTRIBUTE', FALSE, 'TEST_CASE_STEP_CLASS', 'TEST_CASE_STEP', null, 'NUMERIC', 'class', null);




-- columns for entity : TEST_CASE_NATURE --

insert into CHART_COLUMN_PROTOTYPE(CHART_COLUMN_ID, COLUMN_TYPE, BUSINESS, LABEL, ENTITY_TYPE, ENTITY_ROLE, DATA_TYPE, ATTRIBUTE_NAME, SUBQUERY_ID)
values
	(67, 'ATTRIBUTE', FALSE, 'TEST_CASE_NATURE_ID', 'INFO_LIST_ITEM', 'TEST_CASE_NATURE', 'NUMERIC', 'id', null),
	(68, 'ATTRIBUTE', FALSE, 'TEST_CASE_NATURE_LABEL', 'INFO_LIST_ITEM', 'TEST_CASE_NATURE', 'STRING', 'label', null);




-- columns for entity : TEST_CASE_TYPE --

insert into CHART_COLUMN_PROTOTYPE(CHART_COLUMN_ID, COLUMN_TYPE, BUSINESS, LABEL, ENTITY_TYPE, ENTITY_ROLE, DATA_TYPE, ATTRIBUTE_NAME, SUBQUERY_ID)
values
	(69, 'ATTRIBUTE', FALSE, 'TEST_CASE_TYPE_ID', 'INFO_LIST_ITEM', 'TEST_CASE_TYPE', 'NUMERIC', 'id', null),
	(70, 'ATTRIBUTE', FALSE, 'TEST_CASE_TYPE_LABEL', 'INFO_LIST_ITEM', 'TEST_CASE_TYPE', 'STRING', 'label', null);




-- columns for entity : REQUIREMENT_VERSION_CATEGORY --

insert into CHART_COLUMN_PROTOTYPE(CHART_COLUMN_ID, COLUMN_TYPE, BUSINESS, LABEL, ENTITY_TYPE, ENTITY_ROLE, DATA_TYPE, ATTRIBUTE_NAME, SUBQUERY_ID)
values
	(71, 'ATTRIBUTE', FALSE, 'REQUIREMENT_VERSION_CATEGORY_ID', 'INFO_LIST_ITEM', 'REQUIREMENT_VERSION_CATEGORY', 'NUMERIC', 'id', null),
	(72, 'ATTRIBUTE', FALSE, 'REQUIREMENT_VERSION_CATEGORY_LABEL', 'INFO_LIST_ITEM', 'REQUIREMENT_VERSION_CATEGORY', 'STRING', 'label', null);




-- columns for entity : TEST_CASE_MILESTONE --

insert into CHART_COLUMN_PROTOTYPE(CHART_COLUMN_ID, COLUMN_TYPE, BUSINESS, LABEL, ENTITY_TYPE, ENTITY_ROLE, DATA_TYPE, ATTRIBUTE_NAME, SUBQUERY_ID)
values
	(73, 'ATTRIBUTE', FALSE, 'TEST_CASE_MILESTONE_ID', 'MILESTONE', 'TEST_CASE_MILESTONE', 'NUMERIC', 'id', null),
	(74, 'ATTRIBUTE', FALSE, 'TEST_CASE_MILESTONE_LABEL', 'MILESTONE', 'TEST_CASE_MILESTONE', 'STRING', 'label', null);




-- columns for entity : REQUIREMENT_VERSION_MILESTONE --

insert into CHART_COLUMN_PROTOTYPE(CHART_COLUMN_ID, COLUMN_TYPE, BUSINESS, LABEL, ENTITY_TYPE, ENTITY_ROLE, DATA_TYPE, ATTRIBUTE_NAME, SUBQUERY_ID)
values
	(75, 'ATTRIBUTE', FALSE, 'REQUIREMENT_VERSION_MILESTONE_ID', 'MILESTONE', 'REQUIREMENT_VERSION_MILESTONE', 'NUMERIC', 'id', null),
	(76, 'ATTRIBUTE', FALSE, 'REQUIREMENT_VERSION_MILESTONE_LABEL', 'MILESTONE', 'REQUIREMENT_VERSION_MILESTONE', 'STRING', 'label', null);




-- columns for entity : ITERATION_TEST_PLAN_ASSIGNED_USER --

insert into CHART_COLUMN_PROTOTYPE(CHART_COLUMN_ID, COLUMN_TYPE, BUSINESS, LABEL, ENTITY_TYPE, ENTITY_ROLE, DATA_TYPE, ATTRIBUTE_NAME, SUBQUERY_ID)
values
	(77, 'ATTRIBUTE', FALSE, 'ITERATION_TEST_PLAN_ASSIGNED_USER_ID', 'USER', 'ITERATION_TEST_PLAN_ASSIGNED_USER', 'NUMERIC', 'id', null),
	(78, 'ATTRIBUTE', FALSE, 'ITERATION_TEST_PLAN_ASSIGNED_USER_LOGIN', 'USER', 'ITERATION_TEST_PLAN_ASSIGNED_USER', 'STRING', 'login', null);




-- columns for entity : AUTOMATED_TEST --

insert into CHART_COLUMN_PROTOTYPE(CHART_COLUMN_ID, COLUMN_TYPE, BUSINESS, LABEL, ENTITY_TYPE, ENTITY_ROLE, DATA_TYPE, ATTRIBUTE_NAME, SUBQUERY_ID)
values
	(79, 'ATTRIBUTE', FALSE, 'AUTOMATED_TEST_ID', 'AUTOMATED_TEST', null, 'NUMERIC', 'id', null);




-- columns for entity : AUTOMATED_EXECUTION_EXTENDER --

insert into CHART_COLUMN_PROTOTYPE(CHART_COLUMN_ID, COLUMN_TYPE, BUSINESS, LABEL, ENTITY_TYPE, ENTITY_ROLE, DATA_TYPE, ATTRIBUTE_NAME, SUBQUERY_ID)
values
	(80, 'ATTRIBUTE', FALSE, 'AUTOMATED_EXECUTION_EXTENDER_ID', 'AUTOMATED_EXECUTION_EXTENDER', null, 'NUMERIC', 'id', null);




-- -------------------------------------------
-- section 2 :  subqueries
-- -------------------------------------------

-- subqueries for entity REQUIREMENT --

-- subquery reqVCountSub --

insert into CHART_QUERY(CHART_QUERY_ID, NAME, STRATEGY, JOIN_STYLE) values (1, 'REQUIREMENT_NB_VERSIONS_SUBQUERY', 'SUBQUERY', 'INNER_JOIN');
insert into CHART_MEASURE_COLUMN(CHART_COLUMN_ID, QUERY_ID, MEASURE_OPERATION, MEASURE_RANK) values (5, 1, 'COUNT', 0);
insert into CHART_AXIS_COLUMN(CHART_COLUMN_ID, QUERY_ID, AXIS_OPERATION, AXIS_RANK)  values (1, 1, 'NONE', 0);



-- subqueries for entity REQUIREMENT_VERSION --

-- subquery rvVerifTCCountSub --

insert into CHART_QUERY(CHART_QUERY_ID, NAME, STRATEGY, JOIN_STYLE) values (2, 'REQUIREMENT_VERSION_TCCOUNT_SUBQUERY', 'SUBQUERY', 'LEFT_JOIN');
insert into CHART_MEASURE_COLUMN(CHART_COLUMN_ID, QUERY_ID, MEASURE_OPERATION, MEASURE_RANK) values (17, 2, 'COUNT', 0);
insert into CHART_AXIS_COLUMN(CHART_COLUMN_ID, QUERY_ID, AXIS_OPERATION, AXIS_RANK)  values (5, 2, 'NONE', 0);



-- subquery rvMilesCountSub --

insert into CHART_QUERY(CHART_QUERY_ID, NAME, STRATEGY, JOIN_STYLE) values (3, 'REQUIREMENT_VERSION_MILCOUNT_SUBQUERY', 'INLINED', 'LEFT_JOIN');
insert into CHART_MEASURE_COLUMN(CHART_COLUMN_ID, QUERY_ID, MEASURE_OPERATION, MEASURE_RANK) values (75, 3, 'COUNT', 0);
insert into CHART_AXIS_COLUMN(CHART_COLUMN_ID, QUERY_ID, AXIS_OPERATION, AXIS_RANK)  values (5, 3, 'NONE', 0);



-- subqueries for entity TEST_CASE --

-- subquery tcVerifVersionCountSub --

insert into CHART_QUERY(CHART_QUERY_ID, NAME, STRATEGY, JOIN_STYLE) values (4, 'TEST_CASE_VERSCOUNT_SUBQUERY', 'SUBQUERY', 'LEFT_JOIN');
insert into CHART_MEASURE_COLUMN(CHART_COLUMN_ID, QUERY_ID, MEASURE_OPERATION, MEASURE_RANK) values (5, 4, 'COUNT', 0);
insert into CHART_AXIS_COLUMN(CHART_COLUMN_ID, QUERY_ID, AXIS_OPERATION, AXIS_RANK)  values (17, 4, 'NONE', 0);



-- subquery tcCallStepsCountSub --

insert into CHART_QUERY(CHART_QUERY_ID, NAME, STRATEGY, JOIN_STYLE) values (5, 'TEST_CASE_CALLSTEPCOUNT_SUBQUERY', 'SUBQUERY', 'LEFT_JOIN');
insert into CHART_MEASURE_COLUMN(CHART_COLUMN_ID, QUERY_ID, MEASURE_OPERATION, MEASURE_RANK) values (65, 5, 'COUNT', 0);
insert into CHART_FILTER(FILTER_ID, CHART_COLUMN_ID, QUERY_ID, FILTER_OPERATION) values (1, 66, 5, 'EQUALS');
insert into CHART_FILTER_VALUES(FILTER_ID, FILTER_VALUE)
values 
	(1,'2');

insert into CHART_AXIS_COLUMN(CHART_COLUMN_ID, QUERY_ID, AXIS_OPERATION, AXIS_RANK)  values (17, 5, 'NONE', 0);



-- subquery tcStepsCountSub --

insert into CHART_QUERY(CHART_QUERY_ID, NAME, STRATEGY, JOIN_STYLE) values (6, 'TEST_CASE_STEPCOUNT_SUBQUERY', 'INLINED', 'LEFT_JOIN');
insert into CHART_MEASURE_COLUMN(CHART_COLUMN_ID, QUERY_ID, MEASURE_OPERATION, MEASURE_RANK) values (65, 6, 'COUNT', 0);
insert into CHART_AXIS_COLUMN(CHART_COLUMN_ID, QUERY_ID, AXIS_OPERATION, AXIS_RANK)  values (17, 6, 'NONE', 0);



-- subquery tcMilesCountSub --

insert into CHART_QUERY(CHART_QUERY_ID, NAME, STRATEGY, JOIN_STYLE) values (7, 'TEST_CASE_VERSION_MILCOUNT_SUBQUERY', 'INLINED', 'LEFT_JOIN');
insert into CHART_MEASURE_COLUMN(CHART_COLUMN_ID, QUERY_ID, MEASURE_OPERATION, MEASURE_RANK) values (73, 7, 'COUNT', 0);
insert into CHART_AXIS_COLUMN(CHART_COLUMN_ID, QUERY_ID, AXIS_OPERATION, AXIS_RANK)  values (17, 7, 'NONE', 0);



-- subquery tcIterCountSub --

insert into CHART_QUERY(CHART_QUERY_ID, NAME, STRATEGY, JOIN_STYLE) values (8, 'TEST_CASE_ITERCOUNT_SUBQUERY', 'SUBQUERY', 'LEFT_JOIN');
insert into CHART_MEASURE_COLUMN(CHART_COLUMN_ID, QUERY_ID, MEASURE_OPERATION, MEASURE_RANK) values (40, 8, 'COUNT', 0);
insert into CHART_AXIS_COLUMN(CHART_COLUMN_ID, QUERY_ID, AXIS_OPERATION, AXIS_RANK)  values (17, 8, 'NONE', 0);



-- subquery tcExeCountSub --

insert into CHART_QUERY(CHART_QUERY_ID, NAME, STRATEGY, JOIN_STYLE) values (9, 'TEST_CASE_EXECOUNT_SUBQUERY', 'SUBQUERY', 'LEFT_JOIN');
insert into CHART_MEASURE_COLUMN(CHART_COLUMN_ID, QUERY_ID, MEASURE_OPERATION, MEASURE_RANK) values (55, 9, 'COUNT', 0);
insert into CHART_AXIS_COLUMN(CHART_COLUMN_ID, QUERY_ID, AXIS_OPERATION, AXIS_RANK)  values (17, 9, 'NONE', 0);



-- subquery tcHasAutoSub --

insert into CHART_QUERY(CHART_QUERY_ID, NAME, STRATEGY, JOIN_STYLE) values (10, 'TEST_CASE_HASAUTOSCRIPT_SUBQUERY', 'INLINED', 'LEFT_JOIN');
insert into CHART_MEASURE_COLUMN(CHART_COLUMN_ID, QUERY_ID, MEASURE_OPERATION, MEASURE_RANK) values (79, 10, 'NOT_NULL', 0);
insert into CHART_AXIS_COLUMN(CHART_COLUMN_ID, QUERY_ID, AXIS_OPERATION, AXIS_RANK)  values (17, 10, 'NONE', 0);



-- subqueries for entity CAMPAIGN --

-- subquery cIterCountSub --

insert into CHART_QUERY(CHART_QUERY_ID, NAME, STRATEGY, JOIN_STYLE) values (11, 'CAMPAIGN_ITERCOUNT_SUBQUERY', 'INLINED', 'LEFT_JOIN');
insert into CHART_MEASURE_COLUMN(CHART_COLUMN_ID, QUERY_ID, MEASURE_OPERATION, MEASURE_RANK) values (40, 11, 'COUNT', 0);
insert into CHART_AXIS_COLUMN(CHART_COLUMN_ID, QUERY_ID, AXIS_OPERATION, AXIS_RANK)  values (32, 11, 'NONE', 0);



-- subquery cIssueCountSub --

insert into CHART_QUERY(CHART_QUERY_ID, NAME, STRATEGY, JOIN_STYLE) values (12, 'CAMPAIGN_ISSUECOUNT_SUBQUERY', 'SUBQUERY', 'LEFT_JOIN');
insert into CHART_MEASURE_COLUMN(CHART_COLUMN_ID, QUERY_ID, MEASURE_OPERATION, MEASURE_RANK) values (61, 12, 'COUNT', 0);
insert into CHART_AXIS_COLUMN(CHART_COLUMN_ID, QUERY_ID, AXIS_OPERATION, AXIS_RANK)  values (32, 12, 'NONE', 0);



-- subqueries for entity ITERATION --

-- subquery itItemCountSub --

insert into CHART_QUERY(CHART_QUERY_ID, NAME, STRATEGY, JOIN_STYLE) values (13, 'ITERATION_ITEMCOUNT_SUBQUERY', 'INLINED', 'LEFT_JOIN');
insert into CHART_MEASURE_COLUMN(CHART_COLUMN_ID, QUERY_ID, MEASURE_OPERATION, MEASURE_RANK) values (48, 13, 'COUNT', 0);
insert into CHART_AXIS_COLUMN(CHART_COLUMN_ID, QUERY_ID, AXIS_OPERATION, AXIS_RANK)  values (40, 13, 'NONE', 0);



-- subquery itIssueCountSub --

insert into CHART_QUERY(CHART_QUERY_ID, NAME, STRATEGY, JOIN_STYLE) values (14, 'ITERATION_ISSUECOUNT_SUBQUERY', 'SUBQUERY', 'LEFT_JOIN');
insert into CHART_MEASURE_COLUMN(CHART_COLUMN_ID, QUERY_ID, MEASURE_OPERATION, MEASURE_RANK) values (61, 14, 'COUNT', 0);
insert into CHART_AXIS_COLUMN(CHART_COLUMN_ID, QUERY_ID, AXIS_OPERATION, AXIS_RANK)  values (40, 14, 'NONE', 0);



-- subqueries for entity ITEM_TEST_PLAN --

-- subquery itpTcExistsSub --

insert into CHART_QUERY(CHART_QUERY_ID, NAME, STRATEGY, JOIN_STYLE) values (15, 'ITEM_TEST_PLAN_TCEXISTS_SUBQUERY', 'INLINED', 'LEFT_JOIN');
insert into CHART_MEASURE_COLUMN(CHART_COLUMN_ID, QUERY_ID, MEASURE_OPERATION, MEASURE_RANK) values (17, 15, 'NOT_NULL', 0);
insert into CHART_AXIS_COLUMN(CHART_COLUMN_ID, QUERY_ID, AXIS_OPERATION, AXIS_RANK)  values (48, 15, 'NONE', 0);



-- subquery itpIsExecutedSub --

insert into CHART_QUERY(CHART_QUERY_ID, NAME, STRATEGY, JOIN_STYLE) values (16, 'ITEM_TEST_PLAN_ISEXECUTED_SUBQUERY', 'SUBQUERY', 'LEFT_JOIN');
insert into CHART_MEASURE_COLUMN(CHART_COLUMN_ID, QUERY_ID, MEASURE_OPERATION, MEASURE_RANK) values (55, 16, 'NOT_NULL', 0);
insert into CHART_AXIS_COLUMN(CHART_COLUMN_ID, QUERY_ID, AXIS_OPERATION, AXIS_RANK)  values (48, 16, 'NONE', 0);



-- subqueries for entity EXECUTION --

-- subqueries for entity ISSUE --

-- subqueries for entity TEST_CASE_STEP --

-- subqueries for entity TEST_CASE_NATURE --

-- subqueries for entity TEST_CASE_TYPE --

-- subqueries for entity REQUIREMENT_VERSION_CATEGORY --

-- subqueries for entity TEST_CASE_MILESTONE --

-- subqueries for entity REQUIREMENT_VERSION_MILESTONE --

-- subqueries for entity ITERATION_TEST_PLAN_ASSIGNED_USER --

-- subqueries for entity AUTOMATED_TEST --

-- subqueries for entity AUTOMATED_EXECUTION_EXTENDER --


-- -------------------------------------------
-- section 3 :  calculated columns
-- -------------------------------------------


-- columns for entity : REQUIREMENT --

insert into CHART_COLUMN_PROTOTYPE(CHART_COLUMN_ID, COLUMN_TYPE, BUSINESS, LABEL, ENTITY_TYPE, ENTITY_ROLE, DATA_TYPE, ATTRIBUTE_NAME, SUBQUERY_ID)
values
	(2, 'CALCULATED', TRUE, 'REQUIREMENT_NB_VERSIONS', 'REQUIREMENT', null, 'NUMERIC', 'count(requirementVersionCoverages)', 1);

insert into CHART_COLUMN_ROLE(CHART_COLUMN_ID, ROLE)
values
	 (2, 'MEASURE'), (2, 'AXIS'), (2, 'FILTER');




-- columns for entity : REQUIREMENT_VERSION --

insert into CHART_COLUMN_PROTOTYPE(CHART_COLUMN_ID, COLUMN_TYPE, BUSINESS, LABEL, ENTITY_TYPE, ENTITY_ROLE, DATA_TYPE, ATTRIBUTE_NAME, SUBQUERY_ID)
values
	(13, 'CALCULATED', TRUE, 'REQUIREMENT_VERSION_TCCOUNT', 'REQUIREMENT_VERSION', null, 'NUMERIC', 'count(requirementVersionCoverages)', 2),
	(14, 'CALCULATED', TRUE, 'REQUIREMENT_VERSION_MILCOUNT', 'REQUIREMENT_VERSION', null, 'NUMERIC', 'count(milestones)', 3);

insert into CHART_COLUMN_ROLE(CHART_COLUMN_ID, ROLE)
values
	 (13, 'MEASURE'), (13, 'AXIS'), (13, 'FILTER'),
	 (14, 'MEASURE'), (14, 'AXIS'), (14, 'FILTER');




-- columns for entity : TEST_CASE --

insert into CHART_COLUMN_PROTOTYPE(CHART_COLUMN_ID, COLUMN_TYPE, BUSINESS, LABEL, ENTITY_TYPE, ENTITY_ROLE, DATA_TYPE, ATTRIBUTE_NAME, SUBQUERY_ID)
values
	(25, 'CALCULATED', TRUE, 'TEST_CASE_VERSCOUNT', 'TEST_CASE', null, 'NUMERIC', 'count(requirementVersionCoverages)', 4),
	(26, 'CALCULATED', TRUE, 'TEST_CASE_CALLSTEPCOUNT', 'TEST_CASE', null, 'NUMERIC', 'count(steps[class="CallTestStep"])', 5),
	(27, 'CALCULATED', TRUE, 'TEST_CASE_STEPCOUNT', 'TEST_CASE', null, 'NUMERIC', 'count(steps)', 6),
	(28, 'CALCULATED', TRUE, 'TEST_CASE_MILCOUNT', 'TEST_CASE', null, 'NUMERIC', 'count(milestones)', 7),
	(29, 'CALCULATED', TRUE, 'TEST_CASE_ITERCOUNT', 'TEST_CASE', null, 'NUMERIC', 'count(iterations)', 8),
	(30, 'CALCULATED', TRUE, 'TEST_CASE_EXECOUNT', 'TEST_CASE', null, 'NUMERIC', 'count(executions)', 9),
	(31, 'CALCULATED', TRUE, 'TEST_CASE_HASAUTOSCRIPT', 'TEST_CASE', null, 'BOOLEAN', 'notnull(automatedTest)', 10);

insert into CHART_COLUMN_ROLE(CHART_COLUMN_ID, ROLE)
values
	 (25, 'MEASURE'), (25, 'AXIS'), (25, 'FILTER'),
	 (26, 'MEASURE'), (26, 'AXIS'), (26, 'FILTER'),
	 (27, 'MEASURE'), (27, 'AXIS'), (27, 'FILTER'),
	 (28, 'MEASURE'), (28, 'AXIS'), (28, 'FILTER'),
	 (29, 'MEASURE'), (29, 'AXIS'), (29, 'FILTER'),
	 (30, 'MEASURE'), (30, 'AXIS'), (30, 'FILTER'),
	 (31, 'FILTER');




-- columns for entity : CAMPAIGN --

insert into CHART_COLUMN_PROTOTYPE(CHART_COLUMN_ID, COLUMN_TYPE, BUSINESS, LABEL, ENTITY_TYPE, ENTITY_ROLE, DATA_TYPE, ATTRIBUTE_NAME, SUBQUERY_ID)
values
	(38, 'CALCULATED', TRUE, 'CAMPAIGN_ITERCOUNT', 'CAMPAIGN', null, 'NUMERIC', 'count(iterations)', 11),
	(39, 'CALCULATED', TRUE, 'CAMPAIGN_ISSUECOUNT', 'CAMPAIGN', null, 'NUMERIC', 'count(issues)', 12);

insert into CHART_COLUMN_ROLE(CHART_COLUMN_ID, ROLE)
values
	 (38, 'MEASURE'), (38, 'AXIS'), (38, 'FILTER'),
	 (39, 'MEASURE'), (39, 'AXIS'), (39, 'FILTER');




-- columns for entity : ITERATION --

insert into CHART_COLUMN_PROTOTYPE(CHART_COLUMN_ID, COLUMN_TYPE, BUSINESS, LABEL, ENTITY_TYPE, ENTITY_ROLE, DATA_TYPE, ATTRIBUTE_NAME, SUBQUERY_ID)
values
	(46, 'CALCULATED', TRUE, 'ITERATION_ITEMCOUNT', 'ITERATION', null, 'NUMERIC', 'count(testPlans)', 13),
	(47, 'CALCULATED', TRUE, 'ITERATION_ISSUECOUNT', 'ITERATION', null, 'NUMERIC', 'count(issues)', 14);

insert into CHART_COLUMN_ROLE(CHART_COLUMN_ID, ROLE)
values
	 (46, 'MEASURE'), (46, 'AXIS'), (46, 'FILTER'),
	 (47, 'MEASURE'), (47, 'AXIS'), (47, 'FILTER');




-- columns for entity : ITEM_TEST_PLAN --

insert into CHART_COLUMN_PROTOTYPE(CHART_COLUMN_ID, COLUMN_TYPE, BUSINESS, LABEL, ENTITY_TYPE, ENTITY_ROLE, DATA_TYPE, ATTRIBUTE_NAME, SUBQUERY_ID)
values
	(53, 'CALCULATED', TRUE, 'ITEM_TEST_PLAN_TC_EXISTS', 'ITEM_TEST_PLAN', null, 'BOOLEAN', 'notnull(referencedTestCase)', 15),
	(54, 'CALCULATED', TRUE, 'ITEM_TEST_PLAN_IS_EXECUTED', 'ITEM_TEST_PLAN', null, 'BOOLEAN', 'notnull(executions)', 16);

insert into CHART_COLUMN_ROLE(CHART_COLUMN_ID, ROLE)
values
	 (53, 'FILTER'),
	 (54, 'FILTER');

























